	Text	Similarity	Facts
42150	The object B is positioned below and to the right of the object R. H is at the bottom and Z is on the top. B is over there and D is directly above it. R is below H and to the left of H. D is above and to the right of C.	0.5172754476058973	"lower-right(B,R)
below(H,Z)
above(Z,H)
above(D,B)
lower-left(R,H)
upper-right(D,C)"
47657	R is on the lower left of J. The object T is positioned directly above the object R. M is to the right of I. D is at the bottom and M is on the top. D is below and to the right of J.	0.5138555049993211	"lower-left(R,J)
above(T,R)
right(M,I)
below(D,M)
above(M,D)
lower-right(D,J)"
40265	U is to the top-left of B. The object Z is lower and slightly to the right of the object U. Z is positioned below and to the right of O. O is over there and G is on the right. S is above and to the right of B.	0.5131356927949836	"upper-left(U,B)
lower-right(Z,U)
lower-right(Z,O)
right(G,O)
upper-right(S,B)"
40908	The object X is lower and slightly to the right of the object K. E is below R at 7 o'clock. G is on the top and M is at the bottom. E is to the left of K and is on the same horizontal plane. X is above G and to the right of G.	0.5127859464109175	"lower-right(X,K)
lower-left(E,R)
above(G,M)
below(M,G)
left(E,K)
upper-right(X,G)"
45013	F is there and I is at the 5 position of a clock face. O is below M and to the left of M. O is on the right side to X. F is below and to the right of Q. The object M is upper and slightly to the left of the object I.	0.5122124577934192	"lower-right(I,F)
lower-left(O,M)
right(O,X)
lower-right(F,Q)
upper-left(M,I)"
40730	The object J is positioned below and to the right of the object D. Q is on the left side to J. K is placed at the lower left of E. D is above E and to the left of E. M is to the top right of K.	0.5116803660257943	"lower-right(J,D)
left(Q,J)
lower-left(K,E)
upper-left(D,E)
upper-right(M,K)"
49498	The object D is positioned below and to the left of the object H. I is below P. O is at the lower side of H. Z is on the left and I is on the right. Z and O are parallel, and Z is to the right of O.	0.5105892178980471	"lower-left(D,H)
below(I,P)
below(O,H)
left(Z,I)
right(I,Z)
right(Z,O)"
45927	U is on the right side and top of V. R is at V's 6 o'clock. M is placed at the upper right of U. The object M is positioned below and to the left of the object H. G is above H and to the right of H.	0.5101228869802785	"upper-right(U,V)
below(R,V)
upper-right(M,U)
lower-left(M,H)
upper-right(G,H)"
49008	L is below and to the right of Y. G is lower right of L. H is over there and N is on the right. Y is to the upper left of Q. The object Q is positioned above and to the right of the object N.	0.5100278634086345	"lower-right(L,Y)
lower-right(G,L)
right(N,H)
upper-left(Y,Q)
upper-right(Q,N)"
46589	The object E is lower and slightly to the right of the object T. Z is to the left of G. V is positioned below and to the right of E. T is on the top and L is at the bottom. G presents upper right to V.	0.5072169398173845	"lower-right(E,T)
left(Z,G)
lower-right(V,E)
above(T,L)
below(L,T)
upper-right(G,V)"
43600	The object O is positioned above and to the left of object Q. I and J are in a horizontal line with I on the left. T is below and to the right of O. I is diagonally to the upper right of G. G is there and Q is at the 2 position of a clock face.	0.507170793004332	"upper-left(O,Q)
left(I,J)
lower-right(T,O)
upper-right(I,G)
upper-right(Q,G)"
43290	U is diagonally below S to the left at a 45 degree angle. C is over there and P is on the right. The object Q is lower and slightly to the left of the object U. Q is sitting at the top position to F. F is positioned below and to the right of P.	0.5070372446089747	"lower-left(U,S)
right(P,C)
lower-left(Q,U)
above(Q,F)
lower-right(F,P)"
48983	F is at the lower side of Q. M is to the left of F. The object Q is positioned above and to the right of the object R. W is at U’s 9 o'clock. M is below W and to the left of W.	0.5067474112073052	"below(F,Q)
left(M,F)
upper-right(Q,R)
left(W,U)
lower-left(M,W)"
30782	P is on the lower right of A. R and N are horizontal and R is to the left of N. The object N is positioned above and to the right of the object A. R is below Y at 4 o'clock.	0.5063233820616564	"lower-right(P,A)
left(R,N)
upper-right(N,A)
lower-right(R,Y)"
48542	L is placed on the top of R. C is positioned above and to the left of L. O is sitting at the lower right position to K. G is above and to the right of O. The object R is upper and slightly to the left of the object K.	0.5062026785524391	"above(L,R)
upper-left(C,L)
lower-right(O,K)
upper-right(G,O)
upper-left(R,K)"
42145	V and M are horizontal and V is to the left of M. L is over there and P is on the top of it. The object M is positioned directly above the object E. N is to the bottom right of E. L is diagonally to the upper right of N.	0.5059008264668693	"left(V,M)
above(P,L)
above(M,E)
lower-right(N,E)
upper-right(L,N)"
40285	R and W are vertical and R is below W. The object Q is lower and slightly to the left of the object I. C is to the top-left of L. Q is on the upper right of R. C is above W and to the right of W.	0.5058785459067757	"below(R,W)
lower-left(Q,I)
upper-left(C,L)
upper-right(Q,R)
upper-right(C,W)"
41226	X is there and H is at the 5 position of a clock face. C is sitting in the right direction of Q. The object C is positioned above and to the left of object P. X is on the right side and below V. H and P are horizontal and H is to the left of P.	0.5057190284478527	"lower-right(H,X)
right(C,Q)
upper-left(C,P)
lower-right(X,V)
left(H,P)"
42114	S is at the bottom and I is on the top. Y is diagonally right and above H. X is positioned below and to the right of T. The object X is positioned below and to the left of the object S. T is above H and to the right of H.	0.5055682451078509	"below(S,I)
above(I,S)
upper-right(Y,H)
lower-right(X,T)
lower-left(X,S)
upper-right(T,H)"
44834	Z is to the bottom left of T. E is at the bottom and I is on the top. C is positioned right to E. The object Y is lower and slightly to the left of the object I. Z is over there and C is on the right of it.	0.5052853690254265	"lower-left(Z,T)
below(E,I)
above(I,E)
right(C,E)
lower-left(Y,I)
right(C,Z)"
45064	O is to the right of C and is on the same horizontal plane. The object M is positioned below and to the right of the object H. C is placed at the bottom of H. O is sitting at the lower position to T. L is over there and M is on the right of it.	0.5032073743637571	"right(O,C)
lower-right(M,H)
below(C,H)
below(O,T)
right(M,L)"
35719	The object E is upper and slightly to the left of the object A. I is sitting at the lower right position to U. E is below and to the left of N. N is on the top and I is at the bottom.	0.5030641460525828	"upper-left(E,A)
lower-right(I,U)
lower-left(E,N)
above(N,I)
below(I,N)"
41398	The object A is lower and slightly to the right of the object K. K is to the right of F and is on the same horizontal plane. J is diagonally right and below F. X is to the upper left of J. O is there and A is at the 2 position of a clock face.	0.5029404686903373	"lower-right(A,K)
right(K,F)
lower-right(J,F)
upper-left(X,J)
upper-right(A,O)"
44741	I is diagonally above X to the left at a 45 degree angle. I is below J and to the right of J. The object R is upper and slightly to the right of the object X. D is sitting at the lower right position to R. O is to the left of J and is on the same horizontal plane.	0.5028838158468834	"upper-left(I,X)
lower-right(I,J)
upper-right(R,X)
lower-right(D,R)
left(O,J)"
43442	Z is to the bottom-right of S. N is positioned above and to the left of S. E and O are horizontal and E is to the right of O. The object N is lower and slightly to the right of the object Q. Q is on the left side and above O.	0.5026301475163923	"lower-right(Z,S)
upper-left(N,S)
right(E,O)
lower-right(N,Q)
upper-left(Q,O)"
41954	V is there and U is at the 5 position of a clock face. U is to the bottom left of D. F is diagonally right and above M. V is positioned below Q and to the right. The object M is positioned below and to the left of the object D.	0.5022578958491687	"lower-right(U,V)
lower-left(U,D)
upper-right(F,M)
lower-right(V,Q)
lower-left(M,D)"
46073	R is to the right of I and is on the same horizontal plane. The object J is upper and slightly to the left of the object Y. G is sitting at the 9:00 position of Y. X is over there and G is on the right. J is positioned above R and to the left.	0.5021749816920775	"right(R,I)
upper-left(J,Y)
left(G,Y)
right(G,X)
upper-left(J,R)"
41923	H is on the left and A is on the right. N is placed at the upper left of A. R is on the right side to W. The object N and W are there. The object N is below and slightly to the right of the object W. H is diagonally to the bottom left of T.	0.502110561902888	"left(H,A)
right(A,H)
upper-left(N,A)
right(R,W)
lower-right(N,W)
lower-left(H,T)"
44252	The object L and B are there. The object L is below and slightly to the right of the object B. Y is on the right and Q is on the left. L is to the right of C and is on the same horizontal plane. Z is below Y at 4 o'clock. Z is above B and to the right of B.	0.502097780771795	"lower-right(L,B)
right(Y,Q)
left(Q,Y)
right(L,C)
lower-right(Z,Y)
upper-right(Z,B)"
41676	I is over there and S is on the right of it. The object Q and B are there. The object Q is below and slightly to the right of the object B. B is above S and to the left of S. I is above and to the right of Z. A is positioned below Z and to the left.	0.502056248750703	"right(S,I)
lower-right(Q,B)
upper-left(B,S)
upper-right(I,Z)
lower-left(A,Z)"
36599	O is on the top and J is at the bottom. The object I is positioned below and to the right of the object O. J is at the lower side of T. T and C are horizontal and T is to the right of C.	0.5016917564744743	"above(O,J)
below(J,O)
lower-right(I,O)
below(J,T)
right(T,C)"
46779	E is to the top-right of P. U is above and to the left of J. O is over there and U is on the left. The object J is lower and slightly to the right of the object D. P is to the top right of O.	0.501293809470093	"upper-right(E,P)
upper-left(U,J)
left(U,O)
lower-right(J,D)
upper-right(P,O)"
49519	D is on the lower left of L. The object D is upper and slightly to the right of the object B. L is over there with J below. H is to the left of J and is on the same horizontal plane. B and G are parallel, and B is to the right of G.	0.501109810050345	"lower-left(D,L)
upper-right(D,B)
below(J,L)
left(H,J)
right(B,G)"
43716	J is at the bottom of L. N is positioned above B and to the left. N is to the top-left of L. J and Y are parallel, and J is to the right of Y. The object Y is upper and slightly to the left of the object Z.	0.5010392727431269	"below(J,L)
upper-left(N,B)
upper-left(N,L)
right(J,Y)
upper-left(Y,Z)"
44768	The object X is positioned below and to the right of the object I. H and X are parallel, and H on the left of X. O is over there and H is at the bottom of it. O is to the top-right of M. K is to the bottom-right of I.	0.5008318981624887	"lower-right(X,I)
left(H,X)
below(H,O)
upper-right(O,M)
lower-right(K,I)"
45797	H is above and to the right of X. H is sitting at the lower position to J. L is on the right side and top of C. The object P is positioned above and to the left of object L. P is above X and to the left of X.	0.5006705597638675	"upper-right(H,X)
below(H,J)
upper-right(L,C)
upper-left(P,L)
upper-left(P,X)"
47987	X is at the bottom of G and is on the same vertical plane. S is above and to the right of Q. G is placed at the lower left of S. The object F and X are there. The object F is below and slightly to the right of the object X. Q is there and T is at the 5 position of a clock face.	0.5005803025501965	"below(X,G)
upper-right(S,Q)
lower-left(G,S)
lower-right(F,X)
lower-right(T,Q)"
42339	N is to the bottom-left of F. H and N are parallel, and H on the right of N. U is below Z and to the right of Z. F is over there and E is on the top of it. The object Z is lower and slightly to the right of the object H.	0.5005596233418076	"lower-left(N,F)
right(H,N)
lower-right(U,Z)
above(E,F)
lower-right(Z,H)"
43010	The object K is positioned below and to the left of the object Y. L is at the 3 o'clock position relative to I. I is diagonally to the bottom right of C. Y is above and to the right of L. D is to the right of C and is on the same horizontal plane.	0.5003669634408624	"lower-left(K,Y)
right(L,I)
lower-right(I,C)
upper-right(Y,L)
right(D,C)"
46169	The objects D and B are over there. The object D is above and slightly to the right of the object B. X is positioned below N. O is below B and to the left of B. N is to the right of D and is on the same horizontal plane. S is sitting at the lower right position to O.	0.5002867826285182	"upper-right(D,B)
below(X,N)
lower-left(O,B)
right(N,D)
lower-right(S,O)"
42539	The object Z is positioned below and to the left of the object W. Y is to the right of W horizontally. A and Y are horizontal and A is to the left of Y. B is over there and Z is on the right. P is to the bottom right of A.	0.4996746190283072	"lower-left(Z,W)
right(Y,W)
left(A,Y)
right(Z,B)
lower-right(P,A)"
46037	The object Q is positioned above and to the right of the object O. V is to the top-right of U. X is to the right of O. Z is upper right to Q. V is over there and Z is on the left.	0.4995049186096043	"upper-right(Q,O)
upper-right(V,U)
right(X,O)
upper-right(Z,Q)
left(Z,V)"
47496	K is sitting at the lower left position to M. X is to the top-right of Q. The objects Q and C are over there. The object Q is above and slightly to the right of the object C. C is below K at 4 o'clock. G is below and to the left of X.	0.4994551680794991	"lower-left(K,M)
upper-right(X,Q)
upper-right(Q,C)
lower-right(C,K)
lower-left(G,X)"
48864	The object M is positioned directly below the object Q. C is above G and to the left of G. E is at H’s 9 o'clock. E is on the top side to M. Q is below and to the right of G.	0.4994186125538465	"below(M,Q)
upper-left(C,G)
left(E,H)
above(E,M)
lower-right(Q,G)"
36446	X is to the bottom-right of N. The object Q is positioned above and to the left of object N. F is over there and Q is on the left of it. Y is on the right side and top of X.	0.4990371163304878	"lower-right(X,N)
upper-left(Q,N)
left(Q,F)
upper-right(Y,X)"
46912	N is on the left side of and below W. W is positioned above C and to the right. C is on the lower right of A. K is there and H is at the 5 position of a clock face. Object K is above object A and to the left of it, too.	0.4988144789347948	"lower-left(N,W)
upper-right(W,C)
lower-right(C,A)
lower-right(H,K)
upper-left(K,A)"
49538	X is on the right and U is on the left. O is diagonally left and below U. The object B is positioned above and to the left of object K. P is sitting at the 6:00 position to O. X is above K and to the right of K.	0.4984741082945326	"right(X,U)
left(U,X)
lower-left(O,U)
upper-left(B,K)
below(P,O)
upper-right(X,K)"
40996	K is to the bottom left of B. N is on the left and B is on the right. The object K is lower and slightly to the right of the object W. N is above R and to the left of R. Y is above W.	0.4981400595726233	"lower-left(K,B)
left(N,B)
right(B,N)
lower-right(K,W)
upper-left(N,R)
above(Y,W)"
48337	R is to the right of B and is on the same horizontal plane. F is on the left and R is on the right. I is over there and L is at the bottom of it. F is on the left side to I. The object Z is lower and slightly to the left of the object L.	0.4981309876176371	"right(R,B)
left(F,R)
right(R,F)
below(L,I)
left(F,I)
lower-left(Z,L)"
20851	A is below and to the right of F. P is at the bottom and A is on the top. P is to the left of L.	0.4981271396361414	"lower-right(A,F)
below(P,A)
above(A,P)
left(P,L)"
49971	T is to the upper left of C. V is there and X is at the 10 position of a clock face. The object O is positioned above and to the right of the object V. T is placed on the top of O. C is positioned below H and to the left.	0.4980801293159291	"upper-left(T,C)
upper-left(X,V)
upper-right(O,V)
above(T,O)
lower-left(C,H)"
31816	H is above and to the left of W. H is to the upper left of U. S is at the bottom of L. The object S is positioned below and to the right of the object U.	0.4979307614696446	"upper-left(H,W)
upper-left(H,U)
below(S,L)
lower-right(S,U)"
43909	Z is above and to the right of T. K is at the 6 o'clock position relative to Z. P and U are parallel, and P on the right of U. The object H is upper and slightly to the left of the object K. H is positioned below P and to the left.	0.4975724141343352	"upper-right(Z,T)
below(K,Z)
right(P,U)
upper-left(H,K)
lower-left(H,P)"
49348	The object G is lower and slightly to the left of the object Q. J is positioned below V and to the right. B and V are parallel, and B on the left of V. X is at B's 6 o'clock. X is on the top side to Q.	0.4974049302773788	"lower-left(G,Q)
lower-right(J,V)
left(B,V)
below(X,B)
above(X,Q)"
34551	H is below U and to the left of U. The object K is positioned below and to the left of the object H. D is over there and U is on the right. M is on the top side to D.	0.4972068771007825	"lower-left(H,U)
lower-left(K,H)
right(U,D)
above(M,D)"
48311	S is to the left of H and is on the same horizontal plane. B is placed on the top of L. The object R is lower and slightly to the left of the object S. F and R are parallel, and F is to the right of R. B is positioned below H and to the left.	0.4971367004753139	"left(S,H)
above(B,L)
lower-left(R,S)
right(F,R)
lower-left(B,H)"
47518	Z is at the bottom of L and is on the same vertical plane. U is below and to the left of L. R and E are horizontal and R is to the left of E. F is on the left and E is on the right. Object F is above object U and to the right of it, too.	0.4969183455541427	"below(Z,L)
lower-left(U,L)
left(R,E)
left(F,E)
right(E,F)
upper-right(F,U)"
47941	S is on the right and H is on the left. S and Z are both there with the object S is to the left of object Z. E is to the left of X. Z is above and to the right of L. L is to the left of X.	0.4968518746869547	"right(S,H)
left(H,S)
left(S,Z)
left(E,X)
upper-right(Z,L)
left(L,X)"
39265	The object K is lower and slightly to the left of the object V. V is positioned below Z and to the left. J is over there and D is on the right. K and J are horizontal and K is to the right of J.	0.4968189488017775	"lower-left(K,V)
lower-left(V,Z)
right(D,J)
right(K,J)"
30284	The object C is positioned below and to the left of the object U. M is on the right and W is on the left. M and S are parallel, and M is to the left of S. W is placed at the bottom of U.	0.4967943873098155	"lower-left(C,U)
right(M,W)
left(W,M)
left(M,S)
below(W,U)"
44483	Z is on the same horizontal plane directly left to A. J is positioned above Y and to the right. U is to the right of C. The object Y and C are there. The object Y is below and slightly to the right of the object C. Z is placed at the upper left of U.	0.4966199832679563	"left(Z,A)
upper-right(J,Y)
right(U,C)
lower-right(Y,C)
upper-left(Z,U)"
49518	The object U and E are there. The object E is above and slightly to the left of the object U. F is diagonally below N to the right at a 45 degree angle. U is placed at the upper right of F. E is on the left side and above V. V is to the bottom-left of K.	0.4965820328116413	"upper-left(E,U)
lower-right(F,N)
upper-right(U,F)
upper-left(E,V)
lower-left(V,K)"
44837	E is on the right side and top of Y. H is over there and I is on the top of it. The object U is positioned below and to the left of the object H. I is placed at the lower right of E. Y is at B's 6 o'clock.	0.4960410355973407	"upper-right(E,Y)
above(I,H)
lower-left(U,H)
lower-right(I,E)
below(Y,B)"
40000	V is sitting at the 6:00 position to Z. The object A and M are there. The object M is above and slightly to the left of the object A. M is above S and to the left of S. Z is over there and J is on the right. J is to the right of A and is on the same horizontal plane.	0.495964917999971	"below(V,Z)
upper-left(M,A)
upper-left(M,S)
right(J,Z)
right(J,A)"
49522	Q is sitting at the 6:00 position to H. U is below and to the right of Y. The object Y is upper and slightly to the left of the object R. P is over there and Q is at the bottom of it. P is on top of R.	0.4958419062169029	"below(Q,H)
lower-right(U,Y)
upper-left(Y,R)
below(Q,P)
above(P,R)"
46272	The object R and M are there. The object R is below and slightly to the right of the object M. P is directly above J. P is sitting at the upper left position to B. B and R are parallel, and B is to the left of R. D is over there and J is on the right.	0.4955181294470152	"lower-right(R,M)
above(P,J)
upper-left(P,B)
left(B,R)
right(J,D)"
41892	Z is over there and H is directly below it. W is positioned in the top left corner of P. S is to the upper left of T. P and T are parallel, and P is to the right of T. The object H is lower and slightly to the left of the object S.	0.4955162244921162	"below(H,Z)
upper-left(W,P)
upper-left(S,T)
right(P,T)
lower-left(H,S)"
45940	W is to the left of F and is on the same horizontal plane. The object F is positioned above and to the left of object E. J and C are side by side with J to the right and C to the left. R is over there and J is on the top of it. C is positioned below E and to the right.	0.4954927307781023	"left(W,F)
upper-left(F,E)
right(J,C)
left(C,J)
above(J,R)
lower-right(C,E)"
43501	U is on the top side to Y. The object S is positioned above and to the right of the object U. Q is at the bottom of E and is on the same vertical plane. E and Y are parallel, and E is to the right of Y. B is at the 3 o'clock position relative to Q.	0.4954369920178841	"above(U,Y)
upper-right(S,U)
below(Q,E)
right(E,Y)
right(B,Q)"
45854	The object Y and N are there. The object Y is below and slightly to the right of the object N. Y is to the bottom-left of M. H is placed at the upper left of G. M is sitting at the 6:00 position to G. K is to the right of N and is on the same horizontal plane.	0.4954266196066877	"lower-right(Y,N)
lower-left(Y,M)
upper-left(H,G)
below(M,G)
right(K,N)"
44777	A is over there and W is at the bottom of it. The object N is positioned below and to the right of the object W. C is to the left of Y and is on the same horizontal plane. The object Y is positioned above and to the right of the object X. C is diagonally to the bottom left of A.	0.4953267060623544	"below(W,A)
lower-right(N,W)
left(C,Y)
upper-right(Y,X)
lower-left(C,A)"
44517	C and K are side by side with C to the left and K to the right. The object X is positioned above and to the left of object O. X is there and E is at the 5 position of a clock face. F is at the bottom of O and is on the same vertical plane. K is over there and F is directly below it.	0.4952619120910539	"left(C,K)
right(K,C)
upper-left(X,O)
lower-right(E,X)
below(F,O)
below(F,K)"
41622	I is on the left side of and below L. S is on top of W. The object I is positioned above and to the right of the object R. Y is at the bottom and L is on the top. Y is over there and W is on the right of it.	0.494773721223335	"lower-left(I,L)
above(S,W)
upper-right(I,R)
below(Y,L)
above(L,Y)
right(W,Y)"
47253	The object E is positioned directly below the object C. X and Q are horizontal and X is to the left of Q. D is on the left and Q is on the right. D is over there and E is on the top of it. F presents upper right to X.	0.4943898720839408	"below(E,C)
left(X,Q)
left(D,Q)
right(Q,D)
above(E,D)
upper-right(F,X)"
43170	S and C are horizontal and S is to the right of C. M is at the bottom of A vertically. The object Y and S are there. The object Y is below and slightly to the right of the object S. Y is on the right and M is on the left. W is to the top-left of C.	0.4943531703966263	"right(S,C)
below(M,A)
lower-right(Y,S)
right(Y,M)
left(M,Y)
upper-left(W,C)"
44553	The object K is positioned above and to the left of object R. O is to the top-left of R. A is below and to the right of K. J is placed at the lower right of O. J is directly above C.	0.4942185317516973	"upper-left(K,R)
upper-left(O,R)
lower-right(A,K)
lower-right(J,O)
above(J,C)"
49851	O is to the left of A and is on the same horizontal plane. O is there and F is at the 10 position of a clock face. Z is on top of F. A is diagonally to the bottom right of S. The object S is positioned above and to the left of object C.	0.4941945836130236	"left(O,A)
upper-left(F,O)
above(Z,F)
lower-right(A,S)
upper-left(S,C)"
40276	The object W is positioned above and to the left of object O. P is sitting at the top position to C. W is to the left of C. P and J are parallel, and P is on top of J. O is positioned below and to the right of L.	0.4941512644084043	"upper-left(W,O)
above(P,C)
left(W,C)
above(P,J)
lower-right(O,L)"
37396	Y is there and U is at the 5 position of a clock face. U is on the upper right of I. The object C is positioned below and to the right of the object I. Y is on the right and W is on the left.	0.4940895550720053	"lower-right(U,Y)
upper-right(U,I)
lower-right(C,I)
right(Y,W)
left(W,Y)"
32421	S is to the top-right of P. Z is there and B is at the 5 position of a clock face. The object B is upper and slightly to the left of the object D. Z is below and to the left of S.	0.4940020064148794	"upper-right(S,P)
lower-right(B,Z)
upper-left(B,D)
lower-left(Z,S)"
46814	W is at B's 3 o'clock. E is lower right of T. E is above and to the left of B. The object O is positioned above and to the right of the object N. O is diagonally to the bottom left of T.	0.4937699072171879	"right(W,B)
lower-right(E,T)
upper-left(E,B)
upper-right(O,N)
lower-left(O,T)"
43933	Z and G are parallel, and Z is to the left of G. S is to the bottom right of M. S is above C and to the right of C. G is at the bottom and I is on the top. Z is diagonally to the upper left of M.	0.4937404618677747	"left(Z,G)
lower-right(S,M)
upper-right(S,C)
below(G,I)
above(I,G)
upper-left(Z,M)"
39728	W is at the lower side of V. N is below and to the right of S. The object H is positioned above and to the right of the object V. H is there and S is at the 2 position of a clock face.	0.4937175371330806	"below(W,V)
lower-right(N,S)
upper-right(H,V)
upper-right(S,H)"
31503	D is to the bottom-left of J. Y is above and to the left of T. Y is on the right side to D. The object H is positioned below and to the left of the object T.	0.4935388903048254	"lower-left(D,J)
upper-left(Y,T)
right(Y,D)
lower-left(H,T)"
33584	X is diagonally left and below K. V is over there and Y is on the right of it. The object V is positioned above and to the right of the object O. X is above and to the left of O.	0.493426921005575	"lower-left(X,K)
right(Y,V)
upper-right(V,O)
upper-left(X,O)"
47959	U is at the bottom and M is on the top. The object N and D are there. The object D is above and slightly to the left of the object N. B is diagonally to the upper left of L. D is at B's 3 o'clock. U is on the left side and above N.	0.4933245858851596	"below(U,M)
above(M,U)
upper-left(D,N)
upper-left(B,L)
right(D,B)
upper-left(U,N)"
47620	M is on the upper right of O. The object X is positioned below and to the left of the object D. J is at O's 3 o'clock. N is over there and D is on the left. X is positioned in the lower right corner of J.	0.4932093520517271	"upper-right(M,O)
lower-left(X,D)
right(J,O)
left(D,N)
lower-right(X,J)"
44850	Q is placed at the bottom of Y. D and K are side by side with D to the right and K to the left. Q is over there and N is on the left of it. F is positioned above and to the left of K. The object N and F are there. The object N is below and slightly to the right of the object F.	0.4930791455222887	"below(Q,Y)
right(D,K)
left(K,D)
left(N,Q)
upper-left(F,K)
lower-right(N,F)"
43533	The object A is lower and slightly to the right of the object E. Y is diagonally above A to the left at a 45 degree angle. T is to the left of E. S is over there and G is on the right. Y is at G's 3 o'clock.	0.4930286107864211	"lower-right(A,E)
upper-left(Y,A)
left(T,E)
right(G,S)
right(Y,G)"
40328	W is below and to the left of U. U is diagonally below T to the left at a 45 degree angle. D is at the 6 o'clock position relative to A. X is on the right and D is on the left. The object T is upper and slightly to the right of the object X.	0.4930140776653801	"lower-left(W,U)
lower-left(U,T)
below(D,A)
right(X,D)
left(D,X)
upper-right(T,X)"
42519	I and R are parallel, and I is to the right of R. H is below M and to the right of M. C is at the 6 o'clock position relative to M. C is to the left of W and is on the same horizontal plane. The object R and W are there. The object R is below and slightly to the right of the object W.	0.4925483173279044	"right(I,R)
lower-right(H,M)
below(C,M)
left(C,W)
lower-right(R,W)"
44674	S and H are both there with the object S is to the right of object H. H is to the upper left of Q. P is on the right and Q is on the left. R is to the upper left of S. O is sitting at the lower right position to R.	0.4923519186768212	"right(S,H)
upper-left(H,Q)
right(P,Q)
left(Q,P)
upper-left(R,S)
lower-right(O,R)"
38616	The objects Q and P are over there. The object Q is lower and slightly to the left of the object P. F is above W and to the right of W. F is to the left of A and is on the same horizontal plane. W is on the top and Q is at the bottom.	0.4922813392139715	"lower-left(Q,P)
upper-right(F,W)
left(F,A)
above(W,Q)
below(Q,W)"
47215	Object E is below object W and to the left of it, too. T is above M. D is diagonally to the upper right of M. S is on the top and E is at the bottom. T is below and to the left of W.	0.4922039809804503	"lower-left(E,W)
above(T,M)
upper-right(D,M)
above(S,E)
below(E,S)
lower-left(T,W)"
41155	N is on the left side to I. W is over there with I above. V is below S and to the left of S. The object S is lower and slightly to the right of the object G. W is diagonally right and above V.	0.4921242586539062	"left(N,I)
above(I,W)
lower-left(V,S)
lower-right(S,G)
upper-right(W,V)"
47636	M is at the bottom and F is on the top. N and T are vertical and N is below T. M is over there and N is on the left of it. The object S is positioned above and to the left of object O. T is positioned above O and to the left.	0.4918291516230602	"below(M,F)
above(F,M)
below(N,T)
left(N,M)
upper-left(S,O)
upper-left(T,O)"
32700	Y is there and W is at the 2 position of a clock face. B is above and to the left of C. W is below and to the left of B. S is on the top and Y is at the bottom.	0.491741031423586	"upper-right(W,Y)
upper-left(B,C)
lower-left(W,B)
above(S,Y)
below(Y,S)"
42593	Z and N are in a vertical line with Z on top. G is sitting at the upper right position to K. The object R and X are there. The object X is above and slightly to the left of the object R. Z is placed at the lower right of X. R is to the left of K and is on the same horizontal plane.	0.4917059437111337	"above(Z,N)
upper-right(G,K)
upper-left(X,R)
lower-right(Z,X)
left(R,K)"
46670	I is to the left of J horizontally. I and S are parallel, and I is to the left of S. The object V is upper and slightly to the left of the object J. V is over there and Z is at the bottom of it. N is positioned above S and to the right.	0.4916716544527772	"left(I,J)
left(I,S)
upper-left(V,J)
below(Z,V)
upper-right(N,S)"
47783	Z is to the bottom right of H. C is below Z and to the left of Z. The object Q is lower and slightly to the right of the object H. U and Q are parallel, and U is to the right of Q. C is over there with N below.	0.4915098292820459	"lower-right(Z,H)
lower-left(C,Z)
lower-right(Q,H)
right(U,Q)
below(N,C)"
48500	F is on the right and K is on the left. H is positioned below L and to the left. Z is to the top-right of Q. Q is to the left of L and below L at approximately a 45 degree angle. The object F is lower and slightly to the right of the object Z.	0.4913166538260313	"right(F,K)
left(K,F)
lower-left(H,L)
upper-right(Z,Q)
lower-left(Q,L)
lower-right(F,Z)"
43517	B is on the lower left of G. T is to the top-left of N. G is diagonally left and below Y. M is above and to the right of T. The object B is lower and slightly to the right of the object N.	0.4912809348935547	"lower-left(B,G)
upper-left(T,N)
lower-left(G,Y)
upper-right(M,T)
lower-right(B,N)"
46797	Q is placed at the bottom of C. G is on the same horizontal plane directly right to U. H is on the right and G is on the left. The object C is positioned above and to the left of object L. Q is to the top-right of H.	0.4912160254159448	"below(Q,C)
right(G,U)
right(H,G)
left(G,H)
upper-left(C,L)
upper-right(Q,H)"
49893	D is below U and to the right of U. D is positioned in the lower left corner of T. O is on the top and T is at the bottom. I is on the left side to U. K is on the upper right of I.	0.4911416552542617	"lower-right(D,U)
lower-left(D,T)
above(O,T)
below(T,O)
left(I,U)
upper-right(K,I)"
42465	D is on the top and H is at the bottom. C is below and to the left of M. H presents upper right to O. M and D are both there with the object M is to the left of object D. O is over there and P is directly above it.	0.4911331366702305	"above(D,H)
below(H,D)
lower-left(C,M)
upper-right(H,O)
left(M,D)
above(P,O)"
36524	Q is on the left side of and below U. Q is on the top and R is at the bottom. U is placed at the upper left of Z. The object D is lower and slightly to the right of the object Z.	0.4910566754847716	"lower-left(Q,U)
above(Q,R)
below(R,Q)
upper-left(U,Z)
lower-right(D,Z)"
44009	W is at the bottom of L and is on the same vertical plane. T is to the right of W. The object K and X are there. The object X is above and slightly to the left of the object K. K is over there and L is on the top of it. T presents left to H.	0.4910131426351808	"below(W,L)
right(T,W)
upper-left(X,K)
above(L,K)
left(T,H)"
40346	H is positioned above and to the left of S. S is on the left side of and below C. The object O is positioned below and to the left of the object J. O is diagonally below L to the right at a 45 degree angle. H is on the top of L and is on the same vertical plane.	0.4908996817157122	"upper-left(H,S)
lower-left(S,C)
lower-left(O,J)
lower-right(O,L)
above(H,L)"
42942	C is on the top and Y is at the bottom. S is over there and D is on the left. The object S is positioned above and to the right of the object U. B is at the 3 o'clock position relative to D. U is on the same horizontal plane directly left to C.	0.4907925722801298	"above(C,Y)
below(Y,C)
left(D,S)
upper-right(S,U)
right(B,D)
left(U,C)"
42596	R is positioned below P and to the left. The object A is lower and slightly to the left of the object P. R is diagonally above K to the left at a 45 degree angle. D is at the bottom of S vertically. A is over there and D is on the right of it.	0.4906788070831236	"lower-left(R,P)
lower-left(A,P)
upper-left(R,K)
below(D,S)
right(D,A)"
49979	The object K is positioned below and to the left of the object X. W is lower right of R. F and K are side by side with K at the bottom and F on the top. S is over there and W is on the right. S is diagonally above F to the right at a 45 degree.	0.4906518672636016	"lower-left(K,X)
lower-right(W,R)
below(K,F)
above(F,K)
right(W,S)
upper-right(S,F)"
42837	H and U are parallel, and H on the left of U. P is placed at the upper right of L. X is over there and H is on the left of it. The object I is positioned above and to the right of the object X. I is diagonally right and above P.	0.4904465541229787	"left(H,U)
upper-right(P,L)
left(H,X)
upper-right(I,X)
upper-right(I,P)"
45446	The object K is positioned below and to the right of the object X. K is sitting at the lower right position to I. V and T are parallel, and V is under T. B is on the left side and above T. B is on the top and I is at the bottom.	0.4904369832452133	"lower-right(K,X)
lower-right(K,I)
below(V,T)
upper-left(B,T)
above(B,I)
below(I,B)"
47864	U is above N and to the right of N. S is on the left side and above T. S and D are parallel, and S is on top of D. The object G is lower and slightly to the right of the object D. N is there and T is at the 10 position of a clock face.	0.4900319868793554	"upper-right(U,N)
upper-left(S,T)
above(S,D)
lower-right(G,D)
upper-left(T,N)"
44299	Y is positioned in the lower right corner of Q. O is diagonally above Q to the right at a 45 degree. C is on the top of D and is on the same vertical plane. Y is over there and H is on the right of it. The object D is lower and slightly to the left of the object H.	0.4899751433637494	"lower-right(Y,Q)
upper-right(O,Q)
above(C,D)
right(H,Y)
lower-left(D,H)"
47909	I is on the top side to T. U is below and to the left of I. N is over there and H is on the right of it. X and N are horizontal and X is to the left of N. H is diagonally below U to the right at a 45 degree angle.	0.4897031311300335	"above(I,T)
lower-left(U,I)
right(H,N)
left(X,N)
lower-right(H,U)"
43308	C is to the right of F and is on the same horizontal plane. The object V is positioned directly below the object D. Q is placed on the top of C. D and Q are parallel, and D is to the right of Q. P is over there and F is on the left.	0.4896565414839248	"right(C,F)
below(V,D)
above(Q,C)
right(D,Q)
left(F,P)"
32680	H and F are parallel, and H is to the right of F. A is below G and to the left of G. J is on the top and H is at the bottom. J is over there and A is on the right.	0.4896312270094571	"right(H,F)
lower-left(A,G)
above(J,H)
below(H,J)
right(A,J)"
45824	H is diagonally to the bottom right of E. F and D are horizontal and F is to the left of D. F is over there and O is on the left of it. The object H is lower and slightly to the left of the object O. S and E are parallel, and S is to the left of E.	0.4895885055330662	"lower-right(H,E)
left(F,D)
left(O,F)
lower-left(H,O)
left(S,E)"
45619	V is positioned in the top left corner of G. The object O and G are there. The object O is below and slightly to the right of the object G. X is on the top side to A. L is to the bottom-left of X. L is diagonally to the upper right of O.	0.4895620958903885	"upper-left(V,G)
lower-right(O,G)
above(X,A)
lower-left(L,X)"
46604	H is positioned above Y and to the right. B is placed in the left direction of Q. The object N is upper and slightly to the left of the object Q. N and Y are parallel, and N is to the right of Y. O is on the lower left of B.	0.48954183683258	"upper-right(H,Y)
left(B,Q)
upper-left(N,Q)
right(N,Y)
lower-left(O,B)"
44721	X is at the lower side of Q. The object R is positioned above and to the right of the object Q. R is at the bottom and L is on the top. G is to the left of W horizontally. W is diagonally below X to the right at a 45 degree angle.	0.4894858017258558	"below(X,Q)
upper-right(R,Q)
below(R,L)
above(L,R)
left(G,W)
lower-right(W,X)"
46668	The object Z is upper and slightly to the left of the object I. P is positioned below H and to the left. T is to the left of I and is on the same horizontal plane. T is below and to the left of H. V is over there and P is on the left of it.	0.4894342853164926	"upper-left(Z,I)
lower-left(P,H)
left(T,I)
lower-left(T,H)
left(P,V)"
37458	M is over there and L is directly below it. The object H is positioned above and to the left of object A. N is on the right and M is on the left. H is placed at the upper left of L.	0.4894291365955926	"below(L,M)
upper-left(H,A)
right(N,M)
left(M,N)
upper-left(H,L)"
20734	W is above A and to the left of A. I is on the top and A is at the bottom. W is below and to the left of J.	0.4894115775426961	"upper-left(W,A)
above(I,A)
below(A,I)
lower-left(W,J)"
31333	O is above Q and to the left of Q. O is to the bottom right of B. I is on the top and B is at the bottom. U is below and to the left of Q.	0.4893786924649723	"upper-left(O,Q)
lower-right(O,B)
above(I,B)
below(B,I)
lower-left(U,Q)"
49229	Object J is below object X and to the right of it, too. T is on the top side to W. S is below and to the left of M. M is sitting at the upper left position to T. X and S are parallel, and X is to the right of S.	0.4893490523910532	"lower-right(J,X)
above(T,W)
lower-left(S,M)
upper-left(M,T)
right(X,S)"
49219	G is to the right of E. L is on the right and E is on the left. The object G is positioned above and to the left of object R. B is upper left of C. L presents right to C.	0.4893134392788987	"right(G,E)
right(L,E)
left(E,L)
upper-left(G,R)
upper-left(B,C)
right(L,C)"
43053	S is to the bottom-left of N. The object I is positioned above and to the right of the object R. I and S are side by side with I to the left and S to the right. G is over there and R is directly below it. O is to the top right of N.	0.4892971412665233	"lower-left(S,N)
upper-right(I,R)
left(I,S)
right(S,I)
below(R,G)
upper-right(O,N)"
45222	G is on the left and W is on the right. M is over there with J below. W is diagonally to the bottom right of M. U is positioned above and to the left of J. G is upper left of C.	0.4891650391840444	"left(G,W)
right(W,G)
below(J,M)
lower-right(W,M)
upper-left(U,J)
upper-left(G,C)"
45877	O is on the right side and below C. S is above and to the left of V. Q is there and C is at the 2 position of a clock face. V is at the 9 o'clock position relative to Q. The object T is positioned below and to the left of the object S.	0.4891406585105217	"lower-right(O,C)
upper-left(S,V)
upper-right(C,Q)
left(V,Q)
lower-left(T,S)"
46365	D is positioned below and to the right of H. E is at the 9 o'clock position relative to L. I is placed at the lower left of G. I is on the left and E is on the right. L is diagonally to the bottom right of D.	0.4891142269807045	"lower-right(D,H)
left(E,L)
lower-left(I,G)
left(I,E)
right(E,I)
lower-right(L,D)"
39968	T is positioned above and to the left of S. S is on the top and C is at the bottom. W is on the left side of and below T. Object Q is below object C and to the right of it, too.	0.4891016551792247	"upper-left(T,S)
above(S,C)
below(C,S)
lower-left(W,T)
lower-right(Q,C)"
49009	E is below and to the right of G. U is to the left of G and is on the same horizontal plane. C is above and to the left of N. C is on the right side and below I. N is placed at the bottom of E.	0.4890491472586232	"lower-right(E,G)
left(U,G)
upper-left(C,N)
lower-right(C,I)
below(N,E)"
36363	C is below L at 4 o'clock. O is over there and G is on the left of it. U is on the right side and top of L. The object O is upper and slightly to the left of the object U.	0.4890082399145486	"lower-right(C,L)
left(G,O)
upper-right(U,L)
upper-left(O,U)"
45834	The object I is positioned above and to the left of object J. R is over there and W is on the left. I is diagonally to the upper right of T. T is at the bottom of F vertically. R is above and to the left of J.	0.4889972927396536	"upper-left(I,J)
left(W,R)
upper-right(I,T)
below(T,F)
upper-left(R,J)"
40778	E is upper left of K. K is sitting at the lower right position to U. E and H are parallel, and E is on top of H. The object Y is positioned below and to the right of the object U. C is placed on the top of H.	0.4888920592053294	"upper-left(E,K)
lower-right(K,U)
above(E,H)
lower-right(Y,U)
above(C,H)"
45351	A and L are side by side with L at the bottom and A on the top. The object L is upper and slightly to the left of the object U. S is sitting in the right direction of A. R is there and U is at the 5 position of a clock face. J is positioned below and to the right of R.	0.4887972020392193	"below(L,A)
above(A,L)
upper-left(L,U)
right(S,A)
lower-right(U,R)
lower-right(J,R)"
43134	C is below R and to the left of R. Y is below and to the left of C. The object S is positioned below and to the right of the object A. R and I are side by side with I at the bottom and R on the top. A is sitting at the lower right position to Y.	0.4887608673064738	"lower-left(C,R)
lower-left(Y,C)
lower-right(S,A)
below(I,R)
above(R,I)
lower-right(A,Y)"
46095	J is on the top and G is at the bottom. C is there and Q is at the 2 position of a clock face. C presents right to X. The object X is upper and slightly to the right of the object J. G is diagonally right and below Y.	0.4887521733477108	"above(J,G)
below(G,J)
upper-right(Q,C)
right(C,X)
upper-right(X,J)
lower-right(G,Y)"
33690	D is positioned below and to the right of Y. I is below and to the right of X. Y is on the top and K is at the bottom. D is positioned above I and to the left.	0.4887481065397444	"lower-right(D,Y)
lower-right(I,X)
above(Y,K)
below(K,Y)
upper-left(D,I)"
40702	S is on the right side and below N. E and N are both there with the object E is to the left of object N. L presents lower right to S. E is above V and to the left of V. L is over there and Y is on the top of it.	0.4886884803261306	"lower-right(S,N)
left(E,N)
lower-right(L,S)
upper-left(E,V)
above(Y,L)"
39154	C is on top of W. B and U are horizontal and B is to the left of U. P is on the upper right of B. The object U is positioned above and to the right of the object W.	0.4886719891399401	"above(C,W)
left(B,U)
upper-right(P,B)
upper-right(U,W)"
47951	E is on the same vertical plane directly above L. K is diagonally left and below L. W is there and Q is at the 5 position of a clock face. The object K is positioned below and to the left of the object W. Y is on the top and Q is at the bottom.	0.4886179474397961	"above(E,L)
lower-left(K,L)
lower-right(Q,W)
lower-left(K,W)
above(Y,Q)
below(Q,Y)"
38327	R is positioned above O and to the left. C is over there and R is at the bottom of it. N is on the right and O is on the left. P is sitting at the upper right position to N.	0.488303886487193	"upper-left(R,O)
below(R,C)
right(N,O)
left(O,N)
upper-right(P,N)"
43828	B is diagonally left and below R. R is upper right to Q. The object D and B are there. The object B is above and slightly to the left of the object D. N is to the left of W. D is on the right side and below W.	0.4882843759621683	"lower-left(B,R)
upper-right(R,Q)
upper-left(B,D)
left(N,W)
lower-right(D,W)"
40108	J is on the right and F is on the left. O is sitting in the left direction of A. The object J is lower and slightly to the right of the object A. The object O is positioned below and to the right of the object E. F is there and D is at the 10 position of a clock face.	0.4882773543279299	"right(J,F)
left(F,J)
left(O,A)lower-right(J,A)
lower-right(O,E)
upper-left(D,F)"
40912	M is over there and E is on the left of it. C is positioned above D and to the left. Z is at the bottom and D is on the top. Object L is above object C and to the left of it, too. Z is sitting at the upper right position to E.	0.4881357111844142	"left(E,M)
upper-left(C,D)
below(Z,D)
above(D,Z)
upper-left(L,C)
upper-right(Z,E)"
46454	O is on the top and Y is at the bottom. A is on the left and Y is on the right. X is to the bottom-left of O. M is upper right to T. X is positioned above and to the left of T.	0.4880219052702368	"above(O,Y)
below(Y,O)
left(A,Y)
right(Y,A)
lower-left(X,O)
upper-right(M,T)
upper-left(X,T)"
47116	The object N and Q are there. The object Q is above and slightly to the left of the object N. Q is sitting at the upper right position to T. A is to the right of T and is on the same horizontal plane. If N is the center of a clock face, F is located between 4 and 5. O is to the bottom-left of A.	0.4879616541089918	"upper-left(Q,N)
upper-right(Q,T)
right(A,T)
lower-right(F,N)
lower-left(O,A)"
49440	L is at the 3 o'clock position relative to J. B is to the left of W. F is on the lower left of P. B is positioned above L and to the right. F is over there and W is on the right.	0.4878937683552137	"right(L,J)
left(B,W)
lower-left(F,P)
upper-right(B,L)
right(W,F)"
40577	B is over there and O is on the left of it. S is at the 3 o'clock position relative to C. The object Y is positioned above and to the right of the object V. V is sitting at the 6:00 position to O. Y is on the right and S is on the left.	0.4878677400556085	"left(O,B)
right(S,C)
upper-right(Y,V)
below(V,O)
right(Y,S)
left(S,Y)"
40684	X and C are both there with the object X is to the right of object C. O is at the bottom of X and is on the same vertical plane. K is to the left of C. Q is to the top right of N. Q is diagonally below K to the right at a 45 degree angle.	0.4878672111694977	"right(X,C)
below(O,X)
left(K,C)
upper-right(Q,N)
lower-right(Q,K)"
48235	I and D are both there with the object I is to the right of object D. G is at the 6 o'clock position relative to B. C is positioned below G and to the left. D is over there and L is on the left. I is at the bottom of B.	0.4878460309780076	"right(I,D)
below(G,B)
lower-left(C,G)
left(L,D)
below(I,B)"
47168	The object G is positioned below and to the left of the object J. P is diagonally right and above V. N is to the upper left of G. N is there and P is at the 2 position of a clock face. V is placed at the upper left of S.	0.4878452937835685	"lower-left(G,J)
upper-right(P,V)
upper-left(N,G)
upper-right(P,N)
upper-left(V,S)"
44238	G is below E and to the left of E. The object A is lower and slightly to the right of the object O. Y is on the same horizontal plane directly right to G. A is placed at the bottom of Y. N is positioned below E and to the right.	0.4877703419933294	"lower-left(G,E)
lower-right(A,O)
right(Y,G)
below(A,Y)
lower-right(N,E)"
36186	P is sitting at the upper right position to X. P and V are horizontal and P is to the right of V. The object C is positioned below and to the left of the object V. D is over there and X is directly below it.	0.4877427483785044	"upper-right(P,X)
right(P,V)
lower-left(C,V)
below(X,D)"
41263	Z is placed at the upper right of M. F is positioned below K and to the right. T is there and R is at the 10 position of a clock face. F is to the left of Z. The objects M and T are over there. The object M is lower and slightly to the left of the object T.	0.4877376497210874	"upper-right(Z,M)
lower-right(F,K)
upper-left(R,T)
left(F,Z)
lower-left(M,T)"
43429	U is to the left of Z. R is there and D is at the 10 position of a clock face. The object V is positioned directly below the object T. U is to the right of R and is on the same horizontal plane. D and V are parallel, and D on the left of V.	0.487682157450474	"left(U,Z)
upper-left(D,R)
below(V,T)
right(U,R)
left(D,V)"
39593	J is on the left and X is on the right. R is over there and N is on the right of it. The object M is lower and slightly to the left of the object J. M is at the bottom of N.	0.4875741981423737	"left(J,X)
right(X,J)
right(N,R)
lower-left(M,J)
below(M,N)"
46866	Y is positioned below U and to the left. Y is above and to the right of E. D and Z are in a horizontal line with Z on the right. U is to the bottom right of I. Z is there and E is at the 2 position of a clock face.	0.4875366358560825	"lower-left(Y,U)
upper-right(Y,E)
right(Z,D)
lower-right(U,I)
upper-right(E,Z)"
42284	X is diagonally to the upper left of Z. The object Z is positioned below and to the right of the object S. G is at the lower side of U. G presents over S. T is to the left of X and is on the same horizontal plane.	0.4874901232613581	"upper-left(X,Z)
lower-right(Z,S)
below(G,U)
above(G,S)
left(T,X)"
42887	Q is on the left and E is on the right. I is positioned above E and to the left. The object B is lower and slightly to the right of the object V. The object Q is positioned below and to the left of the object B. V is above O at 2 o'clock.	0.4874180310568327	"left(Q,E)
right(E,Q)
upper-left(I,E)
lower-right(B,V)
lower-left(Q,B)
upper-right(V,O)"
48487	C is over there and M is on the left. M is below F and to the right of F. Y is positioned below and to the right of H. R is lower left to C. Y is positioned above and to the left of F.	0.4873455485667415	"left(M,C)
lower-right(M,F)
lower-right(Y,H)
lower-left(R,C)
upper-left(Y,F)"
44267	P is on the left and J is on the right. Q and J are side by side with Q on the top and J at the bottom. V is diagonally to the upper left of Q. P is to the bottom left of U. The object K is positioned above and to the right of the object V.	0.4873347260986198	"left(P,J)
right(J,P)
above(Q,J)
below(J,Q)
upper-left(V,Q)
lower-left(P,U)
upper-right(K,V)"
42002	B is diagonally right and below A. Z is on the right and L is on the left. V is at K’s 9 o'clock. Z is positioned in the top left corner of V. A and L are both there with the object A is to the right of object L.	0.4872858582176301	"lower-right(B,A)
right(Z,L)
left(L,Z)
left(V,K)
upper-left(Z,V)
right(A,L)"
42504	D is on the left side to C. The object V is positioned below and to the left of the object P. L and T are horizontal and L is to the left of T. T presents over P. L is on the upper right of C.	0.4872661671578361	"left(D,C)
lower-left(V,P)
left(L,T)
above(T,P)
upper-right(L,C)"
31376	The object H is positioned above and to the right of the object T. M is over there and Y is at the bottom of it. M is at the 6 o'clock position relative to X. H is below Y and to the right of Y.	0.487068380361491	"upper-right(H,T)
below(Y,M)
below(M,X)
lower-right(H,Y)"
44438	The object T is upper and slightly to the left of the object W. M is lower left to B. Q is at the 9 o'clock position relative to T. M is positioned above W and to the left. B is on the left and Y is on the right.	0.4870357104965407	"upper-left(T,W)
lower-left(M,B)
left(Q,T)
upper-left(M,W)
left(B,Y)
right(Y,B)"
42570	E is sitting at the lower position to C. W is over there and X is on the left. C is on the left side and above Z. The object H and Z are there. The object Z is above and slightly to the left of the object H. W is positioned in the lower right corner of E.	0.4870159301009044	"below(E,C)
left(X,W)
upper-left(C,Z)
upper-left(Z,H)
lower-right(W,E)"
40791	The object R and I are there. The object R is below and slightly to the right of the object I. Y is over there and X is on the right. Y is on the same horizontal plane directly right to M. R and M are parallel, and R is to the left of M. I is above C at 2 o'clock.	0.4869818611381428	"lower-right(R,I)
right(X,Y)
right(Y,M)
left(R,M)
upper-right(I,C)"
47647	S is to the right of E. I is sitting at the lower right position to E. A is below and to the right of I. O is below S and to the right of S. A and Y are both there with the object A is to the left of object Y.	0.4869563205122271	"right(S,E)
lower-right(I,E)
lower-right(A,I)
lower-right(O,S)
left(A,Y)"
47444	Q is diagonally right and above X. The object V is lower and slightly to the right of the object X. S is placed on the top of K. Q is below and to the right of S. I is upper left of V.	0.4869063433703515	"upper-right(Q,X)
lower-right(V,X)
above(S,K)
lower-right(Q,S)
upper-left(I,V)"
44017	G and Q are parallel, and G is to the left of Q. Q is diagonally left and below X. The object V is positioned above and to the right of the object T. T is placed at the lower right of X. G is sitting in the left direction of U.	0.486903230099409	"left(G,Q)
lower-left(Q,X)
upper-right(V,T)
lower-right(T,X)
left(G,U)"
32636	F is there and G is at the 2 position of a clock face. X is to the left of N. The object G is positioned directly above the object D. N is on the left and F is on the right.	0.4868484629341844	"upper-right(G,F)
left(X,N)
above(G,D)
left(N,F)
right(F,N)"
44724	Z and U are both there with the object Z above the object U. U is below V and to the left of V. V is over there and Y is at the bottom of it. N is above and to the left of Y. B is to the top-right of Z.	0.4867405534086987	"above(Z,U)
lower-left(U,V)
below(Y,V)
upper-left(N,Y)
upper-right(B,Z)"
47943	F is above T and to the left of T. T is on the right side and top of U. B is below G at 7 o'clock. U and B are both there with the object U above the object B. G is on the right and V is on the left.	0.4866729318712716	"upper-left(F,T)
upper-right(T,U)
lower-left(B,G)
above(U,B)
right(G,V)
left(V,G)"
44364	F is diagonally to the upper right of H. S is over there and N is directly above it. R is below and to the right of S. N is at the bottom and F is on the top. H and J are parallel, and H on the right of J.	0.486656761665666	"upper-right(F,H)
above(N,S)
lower-right(R,S)
below(N,F)
above(F,N)
right(H,J)"
31660	C is at the bottom of U. C is positioned above and to the left of M. The object S is positioned below and to the right of the object U. M is below and to the right of B.	0.4866454725370975	"below(C,U)
upper-left(C,M)
lower-right(S,U)
lower-right(M,B)"
48888	J is diagonally right and above Z. K and J are horizontal and K is to the left of J. K is at the lower side of U. The object U is lower and slightly to the left of the object A. A is there and T is at the 5 position of a clock face.	0.4865959605831605	"upper-right(J,Z)
left(K,J)
below(K,U)
lower-left(U,A)
lower-right(T,A)"
49406	The objects U and J are over there. The object U is lower and slightly to the left of the object J. V is at the 3 o'clock position relative to Z. U is on the left side of and below O. L is positioned below V and to the left. J is at the bottom of L.	0.4865698498196337	"lower-left(U,J)
right(V,Z)
lower-left(U,O)
lower-left(L,V)
below(J,L)"
46152	B is to the left of L horizontally. B is diagonally above T to the right at a 45 degree. The object G and W are there. The object W is above and slightly to the left of the object G. X and G are parallel, and X is to the left of G. L is on the right and X is on the left.	0.4865241216634781	"left(B,L)
upper-right(B,T)
upper-left(W,G)
left(X,G)
right(L,X)
left(X,L)"
40557	The object J is lower and slightly to the left of the object M. E is positioned above O and to the left. M and S are side by side with M on the top and S at the bottom. S is below Z and to the right of Z. J is diagonally above E to the right at a 45 degree.	0.4865237275554422	"lower-left(J,M)
upper-left(E,O)
above(M,S)
below(S,M)
lower-right(S,Z)
upper-right(J,E)"
40044	B and L are next to each other with B on the top and L at the bottom. The object L is positioned below and to the left of the object X. C is upper left of H. T is positioned above B and to the left. X is over there and C is on the right of it.	0.4865052180710173	"above(B,L)
below(L,B)
lower-left(L,X)
upper-left(C,H)
upper-left(T,B)
right(C,X)"
35456	L is sitting at the top position to J. J is to the bottom-right of M. The object Q is positioned above and to the right of the object L. M is below X and to the right of X.	0.4864743003810616	"above(L,J)
lower-right(J,M)
upper-right(Q,L)
lower-right(M,X)"
40467	K is there and C is at the 2 position of a clock face. Z presents lower left to H. Z is placed on the top of K. The object H is positioned below and to the left of the object N. V is at the bottom of N.	0.4864181515723304	"upper-right(C,K)
lower-left(Z,H)
above(Z,K)
lower-left(H,N)
below(V,N)"
47862	O is on the top and T is at the bottom. Object J is above object I and to the left of it, too. I is sitting at the upper left position to B. U is on the right and J is on the left. B and O are parallel, and B on the right of O.	0.4863784326776544	"above(O,T)
below(T,O)
upper-left(J,I)
upper-left(I,B)
right(U,J)
left(J,U)
right(B,O)"
45139	X is above P and to the left of P. O is to the upper left of Q. E is there and O is at the 2 position of a clock face. The object E is lower and slightly to the left of the object H. The object X is positioned below and to the left of the object Q.	0.4863050184297074	"upper-left(X,P)
upper-left(O,Q)
upper-right(O,E)
lower-left(E,H)
lower-left(X,Q)"
29991	X is on the right and J is on the left. G is there and X is at the 5 position of a clock face. The object G is positioned above and to the left of object M.	0.4862869793178648	"right(X,J)
left(J,X)
lower-right(X,G)
upper-left(G,M)"
46298	D is placed at the upper left of O. P is over there and V is on the right. The object V is lower and slightly to the left of the object Q. Q is sitting at the 6:00 position to D. O and Z are vertical and O is below Z.	0.4862270014138367	"upper-left(D,O)
right(V,P)
lower-left(V,Q)
below(Q,D)
below(O,Z)"
41232	J is over there and L is on the top of it. The object G is lower and slightly to the right of the object B. J is on the same vertical plane directly above B. K is sitting at the lower position to G. K and X are horizontal and K is to the right of X.	0.4862084445524008	"above(L,J)
lower-right(G,B)
above(J,B)
below(K,G)
right(K,X)"
49396	I is on the lower right of M. The object M and Q are there. The object M is below and slightly to the right of the object Q. D is placed at the upper left of I. U is positioned above N. Q is at N's 3 o'clock.	0.4862037422008512	"lower-right(I,M)
lower-right(M,Q)
upper-left(D,I)
above(U,N)
right(Q,N)"
48631	The object A is positioned directly below the object Y. Y is diagonally to the bottom left of Q. K is positioned below and to the right of P. K is positioned above and to the left of E. A is over there and E is on the right.	0.4861848742910588	"below(A,Y)
lower-left(Y,Q)
lower-right(K,P)
upper-left(K,E)
right(E,A)"
37136	G is on the top and T is at the bottom. Q and A are parallel, and Q is to the right of A. The object K is positioned above and to the left of object T. Q is diagonally left and above Q.	0.4861368236054263	"above(G,T)
below(T,G)
right(Q,A)
upper-left(K,T)"
48303	H is there and T is at the 2 position of a clock face. V is on the top of T and is on the same vertical plane. Z is above and to the left of V. F and Z are horizontal and F is to the right of Z. F is above and to the right of B.	0.4860724013991667	"upper-right(T,H)
above(V,T)
upper-left(Z,V)
right(F,Z)
upper-right(F,B)"
42733	H and X are both there with the object H above the object X. P is to the upper left of G. Z is to the top-left of P. G is placed at the bottom of H. J is positioned below and to the right of Z.	0.4859931816358375	"above(H,X)
upper-left(P,G)
upper-left(Z,P)
below(G,H)
lower-right(J,Z)"
40476	N is on the lower left of F. W and U are in a horizontal line with U on the right. F is at the 3 o'clock position relative to G. The object G is positioned below and to the right of the object Y. W is below Y and to the left of Y.	0.4859781768406653	"lower-left(N,F)
right(U,W)
right(F,G)
lower-right(G,Y)
lower-left(W,Y)"
37977	L is above W and to the left of W. J is positioned below M. H is at the bottom and W is on the top. J is upper right to L.	0.4859289218650046	"upper-left(L,W)
below(J,M)
below(H,W)
above(W,H)
upper-right(J,L)"
40226	X is on the lower right of W. B is sitting at the 3:00 position to A. The object Q is positioned above and to the left of object X. E is to the bottom-right of Q. A is positioned above and to the left of E.	0.485868318315748	"lower-right(X,W)
right(B,A)
upper-left(Q,X)
lower-right(E,Q)
upper-left(A,E)"
49279	The object J and F are there. The object J is below and slightly to the right of the object F. B is over there and F is directly above it. Z is positioned above B and to the left. Y is positioned in the top left corner of J. Y is on the right side and top of H.	0.4858238347802177	"lower-right(J,F)
above(F,B)
upper-left(Z,B)
upper-left(Y,J)
upper-right(Y,H)"
